GEO.id,Id
GEO.id2,Id2
GEO.display-label,Geography
HD01_VD01,Estimate; Total:
HD02_VD01,Margin of Error; Total:
HD01_VD02,Estimate; Male:
HD02_VD02,Margin of Error; Male:
HD01_VD03,"Estimate; Male: - Agriculture, forestry, fishing and hunting, and mining:"
HD02_VD03,"Margin of Error; Male: - Agriculture, forestry, fishing and hunting, and mining:"
HD01_VD04,"Estimate; Male: - Agriculture, forestry, fishing and hunting, and mining: - Agriculture, forestry, fishing and hunting"
HD02_VD04,"Margin of Error; Male: - Agriculture, forestry, fishing and hunting, and mining: - Agriculture, forestry, fishing and hunting"
HD01_VD05,"Estimate; Male: - Agriculture, forestry, fishing and hunting, and mining: - Mining, quarrying, and oil and gas extraction"
HD02_VD05,"Margin of Error; Male: - Agriculture, forestry, fishing and hunting, and mining: - Mining, quarrying, and oil and gas extraction"
HD01_VD06,Estimate; Male: - Construction
HD02_VD06,Margin of Error; Male: - Construction
HD01_VD07,Estimate; Male: - Manufacturing:
HD02_VD07,Margin of Error; Male: - Manufacturing:
HD01_VD08,Estimate; Male: - Manufacturing: - Food
HD02_VD08,Margin of Error; Male: - Manufacturing: - Food
HD01_VD09,Estimate; Male: - Manufacturing: - Beverage and tobacco products
HD02_VD09,Margin of Error; Male: - Manufacturing: - Beverage and tobacco products
HD01_VD10,Estimate; Male: - Manufacturing: - Textile mills and textile products
HD02_VD10,Margin of Error; Male: - Manufacturing: - Textile mills and textile products
HD01_VD11,Estimate; Male: - Manufacturing: - Apparel
HD02_VD11,Margin of Error; Male: - Manufacturing: - Apparel
HD01_VD12,Estimate; Male: - Manufacturing: - Leather and allied products
HD02_VD12,Margin of Error; Male: - Manufacturing: - Leather and allied products
HD01_VD13,Estimate; Male: - Manufacturing: - Wood products
HD02_VD13,Margin of Error; Male: - Manufacturing: - Wood products
HD01_VD14,Estimate; Male: - Manufacturing: - Paper
HD02_VD14,Margin of Error; Male: - Manufacturing: - Paper
HD01_VD15,Estimate; Male: - Manufacturing: - Printing and related support activities
HD02_VD15,Margin of Error; Male: - Manufacturing: - Printing and related support activities
HD01_VD16,Estimate; Male: - Manufacturing: - Petroleum and coal products
HD02_VD16,Margin of Error; Male: - Manufacturing: - Petroleum and coal products
HD01_VD17,Estimate; Male: - Manufacturing: - Chemicals
HD02_VD17,Margin of Error; Male: - Manufacturing: - Chemicals
HD01_VD18,Estimate; Male: - Manufacturing: - Plastics and rubber products
HD02_VD18,Margin of Error; Male: - Manufacturing: - Plastics and rubber products
HD01_VD19,Estimate; Male: - Manufacturing: - Nonmetallic mineral products
HD02_VD19,Margin of Error; Male: - Manufacturing: - Nonmetallic mineral products
HD01_VD20,Estimate; Male: - Manufacturing: - Metal and metal products
HD02_VD20,Margin of Error; Male: - Manufacturing: - Metal and metal products
HD01_VD21,Estimate; Male: - Manufacturing: - Machinery
HD02_VD21,Margin of Error; Male: - Manufacturing: - Machinery
HD01_VD22,Estimate; Male: - Manufacturing: - Computer and electronic products
HD02_VD22,Margin of Error; Male: - Manufacturing: - Computer and electronic products
HD01_VD23,"Estimate; Male: - Manufacturing: - Electrical equipment, appliances, and components"
HD02_VD23,"Margin of Error; Male: - Manufacturing: - Electrical equipment, appliances, and components"
HD01_VD24,Estimate; Male: - Manufacturing: - Transportation equipment
HD02_VD24,Margin of Error; Male: - Manufacturing: - Transportation equipment
HD01_VD25,Estimate; Male: - Manufacturing: - Furniture and related product manufacturing
HD02_VD25,Margin of Error; Male: - Manufacturing: - Furniture and related product manufacturing
HD01_VD26,Estimate; Male: - Manufacturing: - Miscellaneous manufacturing
HD02_VD26,Margin of Error; Male: - Manufacturing: - Miscellaneous manufacturing
HD01_VD27,Estimate; Male: - Wholesale trade:
HD02_VD27,Margin of Error; Male: - Wholesale trade:
HD01_VD28,Estimate; Male: - Wholesale trade: - Motor vehicle and motor vehicle parts and supplies merchant wholesalers
HD02_VD28,Margin of Error; Male: - Wholesale trade: - Motor vehicle and motor vehicle parts and supplies merchant wholesalers
HD01_VD29,Estimate; Male: - Wholesale trade: - Furniture and home furnishing merchant wholesalers
HD02_VD29,Margin of Error; Male: - Wholesale trade: - Furniture and home furnishing merchant wholesalers
HD01_VD30,Estimate; Male: - Wholesale trade: - Lumber and other construction materials merchant wholesalers
HD02_VD30,Margin of Error; Male: - Wholesale trade: - Lumber and other construction materials merchant wholesalers
HD01_VD31,Estimate; Male: - Wholesale trade: - Professional and commercial equipment and supplies merchant wholesalers
HD02_VD31,Margin of Error; Male: - Wholesale trade: - Professional and commercial equipment and supplies merchant wholesalers
HD01_VD32,"Estimate; Male: - Wholesale trade: - Metals and minerals, except petroleum, merchant wholesalers"
HD02_VD32,"Margin of Error; Male: - Wholesale trade: - Metals and minerals, except petroleum, merchant wholesalers"
HD01_VD33,Estimate; Male: - Wholesale trade: - Household appliances and electrical and electronic goods merchant wholesalers
HD02_VD33,Margin of Error; Male: - Wholesale trade: - Household appliances and electrical and electronic goods merchant wholesalers
HD01_VD34,"Estimate; Male: - Wholesale trade: - Hardware, and plumbing and heating equipment, and supplies merchant wholesalers"
HD02_VD34,"Margin of Error; Male: - Wholesale trade: - Hardware, and plumbing and heating equipment, and supplies merchant wholesalers"
HD01_VD35,"Estimate; Male: - Wholesale trade: - Machinery, equipment, and supplies merchant wholesalers"
HD02_VD35,"Margin of Error; Male: - Wholesale trade: - Machinery, equipment, and supplies merchant wholesalers"
HD01_VD36,Estimate; Male: - Wholesale trade: - Recyclable material merchant wholesalers
HD02_VD36,Margin of Error; Male: - Wholesale trade: - Recyclable material merchant wholesalers
HD01_VD37,Estimate; Male: - Wholesale trade: - Miscellaneous durable goods merchant wholesalers
HD02_VD37,Margin of Error; Male: - Wholesale trade: - Miscellaneous durable goods merchant wholesalers
HD01_VD38,Estimate; Male: - Wholesale trade: - Paper and paper products merchant wholesalers
HD02_VD38,Margin of Error; Male: - Wholesale trade: - Paper and paper products merchant wholesalers
HD01_VD39,"Estimate; Male: - Wholesale trade: - Drugs, sundries, and chemical and allied products merchant wholesalers"
HD02_VD39,"Margin of Error; Male: - Wholesale trade: - Drugs, sundries, and chemical and allied products merchant wholesalers"
HD01_VD40,"Estimate; Male: - Wholesale trade: - Apparel, piece goods, and notions merchant wholesalers"
HD02_VD40,"Margin of Error; Male: - Wholesale trade: - Apparel, piece goods, and notions merchant wholesalers"
HD01_VD41,Estimate; Male: - Wholesale trade: - Grocery and related product merchant wholesalers
HD02_VD41,Margin of Error; Male: - Wholesale trade: - Grocery and related product merchant wholesalers
HD01_VD42,Estimate; Male: - Wholesale trade: - Farm product raw material merchant wholesalers
HD02_VD42,Margin of Error; Male: - Wholesale trade: - Farm product raw material merchant wholesalers
HD01_VD43,Estimate; Male: - Wholesale trade: - Petroleum and petroleum products merchant wholesalers
HD02_VD43,Margin of Error; Male: - Wholesale trade: - Petroleum and petroleum products merchant wholesalers
HD01_VD44,Estimate; Male: - Wholesale trade: - Alcoholic beverages merchant wholesalers
HD02_VD44,Margin of Error; Male: - Wholesale trade: - Alcoholic beverages merchant wholesalers
HD01_VD45,Estimate; Male: - Wholesale trade: - Farm supplies merchant wholesalers
HD02_VD45,Margin of Error; Male: - Wholesale trade: - Farm supplies merchant wholesalers
HD01_VD46,Estimate; Male: - Wholesale trade: - Miscellaneous nondurable goods merchant wholesalers
HD02_VD46,Margin of Error; Male: - Wholesale trade: - Miscellaneous nondurable goods merchant wholesalers
HD01_VD47,Estimate; Male: - Wholesale trade: - Wholesale electronic markets and agents and brokers
HD02_VD47,Margin of Error; Male: - Wholesale trade: - Wholesale electronic markets and agents and brokers
HD01_VD48,Estimate; Male: - Retail trade:
HD02_VD48,Margin of Error; Male: - Retail trade:
HD01_VD49,Estimate; Male: - Retail trade: - Motor vehicle and parts dealers
HD02_VD49,Margin of Error; Male: - Retail trade: - Motor vehicle and parts dealers
HD01_VD50,"Estimate; Male: - Retail trade: - Furniture and home furnishings, and household appliance stores"
HD02_VD50,"Margin of Error; Male: - Retail trade: - Furniture and home furnishings, and household appliance stores"
HD01_VD51,Estimate; Male: - Retail trade: - Electronics stores
HD02_VD51,Margin of Error; Male: - Retail trade: - Electronics stores
HD01_VD52,Estimate; Male: - Retail trade: - Building material and garden equipment and supplies dealers
HD02_VD52,Margin of Error; Male: - Retail trade: - Building material and garden equipment and supplies dealers
HD01_VD53,Estimate; Male: - Retail trade: - Food and beverage stores
HD02_VD53,Margin of Error; Male: - Retail trade: - Food and beverage stores
HD01_VD54,Estimate; Male: - Retail trade: - Pharmacies and drug stores
HD02_VD54,Margin of Error; Male: - Retail trade: - Pharmacies and drug stores
HD01_VD55,"Estimate; Male: - Retail trade: - Health and personal care, except drug, stores"
HD02_VD55,"Margin of Error; Male: - Retail trade: - Health and personal care, except drug, stores"
HD01_VD56,Estimate; Male: - Retail trade: - Gasoline stations
HD02_VD56,Margin of Error; Male: - Retail trade: - Gasoline stations
HD01_VD57,"Estimate; Male: - Retail trade: - Clothing and accessories, including shoe, stores"
HD02_VD57,"Margin of Error; Male: - Retail trade: - Clothing and accessories, including shoe, stores"
HD01_VD58,"Estimate; Male: - Retail trade: - Jewelry, luggage, and leather goods stores"
HD02_VD58,"Margin of Error; Male: - Retail trade: - Jewelry, luggage, and leather goods stores"
HD01_VD59,"Estimate; Male: - Retail trade: - Sporting goods, and hobby and toy stores"
HD02_VD59,"Margin of Error; Male: - Retail trade: - Sporting goods, and hobby and toy stores"
HD01_VD60,"Estimate; Male: - Retail trade: - Sewing, needlework, and piece goods stores"
HD02_VD60,"Margin of Error; Male: - Retail trade: - Sewing, needlework, and piece goods stores"
HD01_VD61,Estimate; Male: - Retail trade: - Musical instrument and supplies stores
HD02_VD61,Margin of Error; Male: - Retail trade: - Musical instrument and supplies stores
HD01_VD62,Estimate; Male: - Retail trade: - Book stores and news dealers
HD02_VD62,Margin of Error; Male: - Retail trade: - Book stores and news dealers
HD01_VD63,Estimate; Male: - Retail trade: - Department and other general merchandise stores
HD02_VD63,Margin of Error; Male: - Retail trade: - Department and other general merchandise stores
HD01_VD64,Estimate; Male: - Retail trade: - Retail florists
HD02_VD64,Margin of Error; Male: - Retail trade: - Retail florists
HD01_VD65,Estimate; Male: - Retail trade: - Office supplies and stationery stores
HD02_VD65,Margin of Error; Male: - Retail trade: - Office supplies and stationery stores
HD01_VD66,"Estimate; Male: - Retail trade: - Used merchandise, gift, novelty, and souvenir, and other miscellaneous stores"
HD02_VD66,"Margin of Error; Male: - Retail trade: - Used merchandise, gift, novelty, and souvenir, and other miscellaneous stores"
HD01_VD67,Estimate; Male: - Retail trade: - Electronic shopping and mail-order houses
HD02_VD67,Margin of Error; Male: - Retail trade: - Electronic shopping and mail-order houses
HD01_VD68,Estimate; Male: - Retail trade: - Vending machine operators
HD02_VD68,Margin of Error; Male: - Retail trade: - Vending machine operators
HD01_VD69,Estimate; Male: - Retail trade: - Fuel dealers
HD02_VD69,Margin of Error; Male: - Retail trade: - Fuel dealers
HD01_VD70,Estimate; Male: - Retail trade: - Other direct selling establishments
HD02_VD70,Margin of Error; Male: - Retail trade: - Other direct selling establishments
HD01_VD71,"Estimate; Male: - Transportation and warehousing, and utilities:"
HD02_VD71,"Margin of Error; Male: - Transportation and warehousing, and utilities:"
HD01_VD72,"Estimate; Male: - Transportation and warehousing, and utilities: - Transportation and warehousing:"
HD02_VD72,"Margin of Error; Male: - Transportation and warehousing, and utilities: - Transportation and warehousing:"
HD01_VD73,"Estimate; Male: - Transportation and warehousing, and utilities: - Transportation and warehousing: - Air transportation"
HD02_VD73,"Margin of Error; Male: - Transportation and warehousing, and utilities: - Transportation and warehousing: - Air transportation"
HD01_VD74,"Estimate; Male: - Transportation and warehousing, and utilities: - Transportation and warehousing: - Rail transportation"
HD02_VD74,"Margin of Error; Male: - Transportation and warehousing, and utilities: - Transportation and warehousing: - Rail transportation"
HD01_VD75,"Estimate; Male: - Transportation and warehousing, and utilities: - Transportation and warehousing: - Water transportation"
HD02_VD75,"Margin of Error; Male: - Transportation and warehousing, and utilities: - Transportation and warehousing: - Water transportation"
HD01_VD76,"Estimate; Male: - Transportation and warehousing, and utilities: - Transportation and warehousing: - Truck transportation"
HD02_VD76,"Margin of Error; Male: - Transportation and warehousing, and utilities: - Transportation and warehousing: - Truck transportation"
HD01_VD77,"Estimate; Male: - Transportation and warehousing, and utilities: - Transportation and warehousing: - U. S. Postal service"
HD02_VD77,"Margin of Error; Male: - Transportation and warehousing, and utilities: - Transportation and warehousing: - U. S. Postal service"
HD01_VD78,"Estimate; Male: - Transportation and warehousing, and utilities: - Transportation and warehousing: - Other transportation, and support activities, and couriers"
HD02_VD78,"Margin of Error; Male: - Transportation and warehousing, and utilities: - Transportation and warehousing: - Other transportation, and support activities, and couriers"
HD01_VD79,"Estimate; Male: - Transportation and warehousing, and utilities: - Transportation and warehousing: - Warehousing and storage"
HD02_VD79,"Margin of Error; Male: - Transportation and warehousing, and utilities: - Transportation and warehousing: - Warehousing and storage"
HD01_VD80,"Estimate; Male: - Transportation and warehousing, and utilities: - Utilities"
HD02_VD80,"Margin of Error; Male: - Transportation and warehousing, and utilities: - Utilities"
HD01_VD81,Estimate; Male: - Information:
HD02_VD81,Margin of Error; Male: - Information:
HD01_VD82,"Estimate; Male: - Information: - Publishing, and motion picture and sound recording industries"
HD02_VD82,"Margin of Error; Male: - Information: - Publishing, and motion picture and sound recording industries"
HD01_VD83,"Estimate; Male: - Information: - Broadcasting, internet publishing, and telecommunications services"
HD02_VD83,"Margin of Error; Male: - Information: - Broadcasting, internet publishing, and telecommunications services"
HD01_VD84,"Estimate; Male: - Information: - Data processing, libraries, and other information services"
HD02_VD84,"Margin of Error; Male: - Information: - Data processing, libraries, and other information services"
HD01_VD85,"Estimate; Male: - Finance and insurance, and real estate and rental and leasing:"
HD02_VD85,"Margin of Error; Male: - Finance and insurance, and real estate and rental and leasing:"
HD01_VD86,"Estimate; Male: - Finance and insurance, and real estate and rental and leasing: - Finance and insurance"
HD02_VD86,"Margin of Error; Male: - Finance and insurance, and real estate and rental and leasing: - Finance and insurance"
HD01_VD87,"Estimate; Male: - Finance and insurance, and real estate and rental and leasing: - Real estate and rental and leasing"
HD02_VD87,"Margin of Error; Male: - Finance and insurance, and real estate and rental and leasing: - Real estate and rental and leasing"
HD01_VD88,"Estimate; Male: - Professional, scientific, and management, and administrative and waste management services:"
HD02_VD88,"Margin of Error; Male: - Professional, scientific, and management, and administrative and waste management services:"
HD01_VD89,"Estimate; Male: - Professional, scientific, and management, and administrative and waste management services: - Professional, scientific, and technical services"
HD02_VD89,"Margin of Error; Male: - Professional, scientific, and management, and administrative and waste management services: - Professional, scientific, and technical services"
HD01_VD90,"Estimate; Male: - Professional, scientific, and management, and administrative and waste management services: - Management of companies and enterprises"
HD02_VD90,"Margin of Error; Male: - Professional, scientific, and management, and administrative and waste management services: - Management of companies and enterprises"
HD01_VD91,"Estimate; Male: - Professional, scientific, and management, and administrative and waste management services: - Administrative and support and waste management services"
HD02_VD91,"Margin of Error; Male: - Professional, scientific, and management, and administrative and waste management services: - Administrative and support and waste management services"
HD01_VD92,"Estimate; Male: - Educational services, and health care and social assistance:"
HD02_VD92,"Margin of Error; Male: - Educational services, and health care and social assistance:"
HD01_VD93,"Estimate; Male: - Educational services, and health care and social assistance: - Educational services"
HD02_VD93,"Margin of Error; Male: - Educational services, and health care and social assistance: - Educational services"
HD01_VD94,"Estimate; Male: - Educational services, and health care and social assistance: - Health care and social assistance:"
HD02_VD94,"Margin of Error; Male: - Educational services, and health care and social assistance: - Health care and social assistance:"
HD01_VD95,"Estimate; Male: - Educational services, and health care and social assistance: - Health care and social assistance: - Health care"
HD02_VD95,"Margin of Error; Male: - Educational services, and health care and social assistance: - Health care and social assistance: - Health care"
HD01_VD96,"Estimate; Male: - Educational services, and health care and social assistance: - Health care and social assistance: - Social assistance"
HD02_VD96,"Margin of Error; Male: - Educational services, and health care and social assistance: - Health care and social assistance: - Social assistance"
HD01_VD97,"Estimate; Male: - Arts, entertainment, and recreation, and accommodation and food services:"
HD02_VD97,"Margin of Error; Male: - Arts, entertainment, and recreation, and accommodation and food services:"
HD01_VD98,"Estimate; Male: - Arts, entertainment, and recreation, and accommodation and food services: - Arts, entertainment, and recreation"
HD02_VD98,"Margin of Error; Male: - Arts, entertainment, and recreation, and accommodation and food services: - Arts, entertainment, and recreation"
HD01_VD99,"Estimate; Male: - Arts, entertainment, and recreation, and accommodation and food services: - Accommodation and food services"
HD02_VD99,"Margin of Error; Male: - Arts, entertainment, and recreation, and accommodation and food services: - Accommodation and food services"
HD01_VD100,"Estimate; Male: - Other services, except public administration:"
HD02_VD100,"Margin of Error; Male: - Other services, except public administration:"
HD01_VD101,"Estimate; Male: - Other services, except public administration: - Repair and maintenance"
HD02_VD101,"Margin of Error; Male: - Other services, except public administration: - Repair and maintenance"
HD01_VD102,"Estimate; Male: - Other services, except public administration: - Personal and laundry services"
HD02_VD102,"Margin of Error; Male: - Other services, except public administration: - Personal and laundry services"
HD01_VD103,"Estimate; Male: - Other services, except public administration: - Religious, grantmaking, civic, professional, and similar organizations"
HD02_VD103,"Margin of Error; Male: - Other services, except public administration: - Religious, grantmaking, civic, professional, and similar organizations"
HD01_VD104,"Estimate; Male: - Other services, except public administration: - Private households"
HD02_VD104,"Margin of Error; Male: - Other services, except public administration: - Private households"
HD01_VD105,Estimate; Male: - Public administration
HD02_VD105,Margin of Error; Male: - Public administration
HD01_VD106,Estimate; Female:
HD02_VD106,Margin of Error; Female:
HD01_VD107,"Estimate; Female: - Agriculture, forestry, fishing and hunting, and mining:"
HD02_VD107,"Margin of Error; Female: - Agriculture, forestry, fishing and hunting, and mining:"
HD01_VD108,"Estimate; Female: - Agriculture, forestry, fishing and hunting, and mining: - Agriculture, forestry, fishing and hunting"
HD02_VD108,"Margin of Error; Female: - Agriculture, forestry, fishing and hunting, and mining: - Agriculture, forestry, fishing and hunting"
HD01_VD109,"Estimate; Female: - Agriculture, forestry, fishing and hunting, and mining: - Mining, quarrying, and oil and gas extraction"
HD02_VD109,"Margin of Error; Female: - Agriculture, forestry, fishing and hunting, and mining: - Mining, quarrying, and oil and gas extraction"
HD01_VD110,Estimate; Female: - Construction
HD02_VD110,Margin of Error; Female: - Construction
HD01_VD111,Estimate; Female: - Manufacturing:
HD02_VD111,Margin of Error; Female: - Manufacturing:
HD01_VD112,Estimate; Female: - Manufacturing: - Food
HD02_VD112,Margin of Error; Female: - Manufacturing: - Food
HD01_VD113,Estimate; Female: - Manufacturing: - Beverage and tobacco products
HD02_VD113,Margin of Error; Female: - Manufacturing: - Beverage and tobacco products
HD01_VD114,Estimate; Female: - Manufacturing: - Textile mills and textile products
HD02_VD114,Margin of Error; Female: - Manufacturing: - Textile mills and textile products
HD01_VD115,Estimate; Female: - Manufacturing: - Apparel
HD02_VD115,Margin of Error; Female: - Manufacturing: - Apparel
HD01_VD116,Estimate; Female: - Manufacturing: - Leather and allied products
HD02_VD116,Margin of Error; Female: - Manufacturing: - Leather and allied products
HD01_VD117,Estimate; Female: - Manufacturing: - Wood products
HD02_VD117,Margin of Error; Female: - Manufacturing: - Wood products
HD01_VD118,Estimate; Female: - Manufacturing: - Paper
HD02_VD118,Margin of Error; Female: - Manufacturing: - Paper
HD01_VD119,Estimate; Female: - Manufacturing: - Printing and related support activities
HD02_VD119,Margin of Error; Female: - Manufacturing: - Printing and related support activities
HD01_VD120,Estimate; Female: - Manufacturing: - Petroleum and coal products
HD02_VD120,Margin of Error; Female: - Manufacturing: - Petroleum and coal products
HD01_VD121,Estimate; Female: - Manufacturing: - Chemicals
HD02_VD121,Margin of Error; Female: - Manufacturing: - Chemicals
HD01_VD122,Estimate; Female: - Manufacturing: - Plastics and rubber products
HD02_VD122,Margin of Error; Female: - Manufacturing: - Plastics and rubber products
HD01_VD123,Estimate; Female: - Manufacturing: - Nonmetallic mineral products
HD02_VD123,Margin of Error; Female: - Manufacturing: - Nonmetallic mineral products
HD01_VD124,Estimate; Female: - Manufacturing: - Metal and metal products
HD02_VD124,Margin of Error; Female: - Manufacturing: - Metal and metal products
HD01_VD125,Estimate; Female: - Manufacturing: - Machinery
HD02_VD125,Margin of Error; Female: - Manufacturing: - Machinery
HD01_VD126,Estimate; Female: - Manufacturing: - Computer and electronic products
HD02_VD126,Margin of Error; Female: - Manufacturing: - Computer and electronic products
HD01_VD127,"Estimate; Female: - Manufacturing: - Electrical equipment, appliances, and components"
HD02_VD127,"Margin of Error; Female: - Manufacturing: - Electrical equipment, appliances, and components"
HD01_VD128,Estimate; Female: - Manufacturing: - Transportation equipment
HD02_VD128,Margin of Error; Female: - Manufacturing: - Transportation equipment
HD01_VD129,Estimate; Female: - Manufacturing: - Furniture and related product manufacturing
HD02_VD129,Margin of Error; Female: - Manufacturing: - Furniture and related product manufacturing
HD01_VD130,Estimate; Female: - Manufacturing: - Miscellaneous manufacturing
HD02_VD130,Margin of Error; Female: - Manufacturing: - Miscellaneous manufacturing
HD01_VD131,Estimate; Female: - Wholesale trade:
HD02_VD131,Margin of Error; Female: - Wholesale trade:
HD01_VD132,Estimate; Female: - Wholesale trade: - Motor vehicle and motor vehicle parts and supplies merchant wholesalers
HD02_VD132,Margin of Error; Female: - Wholesale trade: - Motor vehicle and motor vehicle parts and supplies merchant wholesalers
HD01_VD133,Estimate; Female: - Wholesale trade: - Furniture and home furnishing merchant wholesalers
HD02_VD133,Margin of Error; Female: - Wholesale trade: - Furniture and home furnishing merchant wholesalers
HD01_VD134,Estimate; Female: - Wholesale trade: - Lumber and other construction materials merchant wholesalers
HD02_VD134,Margin of Error; Female: - Wholesale trade: - Lumber and other construction materials merchant wholesalers
HD01_VD135,Estimate; Female: - Wholesale trade: - Professional and commercial equipment and supplies merchant wholesalers
HD02_VD135,Margin of Error; Female: - Wholesale trade: - Professional and commercial equipment and supplies merchant wholesalers
HD01_VD136,"Estimate; Female: - Wholesale trade: - Metals and minerals, except petroleum, merchant wholesalers"
HD02_VD136,"Margin of Error; Female: - Wholesale trade: - Metals and minerals, except petroleum, merchant wholesalers"
HD01_VD137,Estimate; Female: - Wholesale trade: - Household appliances and electrical and electronic goods merchant wholesalers
HD02_VD137,Margin of Error; Female: - Wholesale trade: - Household appliances and electrical and electronic goods merchant wholesalers
HD01_VD138,"Estimate; Female: - Wholesale trade: - Hardware, and plumbing and heating equipment, and supplies merchant wholesalers"
HD02_VD138,"Margin of Error; Female: - Wholesale trade: - Hardware, and plumbing and heating equipment, and supplies merchant wholesalers"
HD01_VD139,"Estimate; Female: - Wholesale trade: - Machinery, equipment, and supplies merchant wholesalers"
HD02_VD139,"Margin of Error; Female: - Wholesale trade: - Machinery, equipment, and supplies merchant wholesalers"
HD01_VD140,Estimate; Female: - Wholesale trade: - Recyclable material merchant wholesalers
HD02_VD140,Margin of Error; Female: - Wholesale trade: - Recyclable material merchant wholesalers
HD01_VD141,Estimate; Female: - Wholesale trade: - Miscellaneous durable goods merchant wholesalers
HD02_VD141,Margin of Error; Female: - Wholesale trade: - Miscellaneous durable goods merchant wholesalers
HD01_VD142,Estimate; Female: - Wholesale trade: - Paper and paper products merchant wholesalers
HD02_VD142,Margin of Error; Female: - Wholesale trade: - Paper and paper products merchant wholesalers
HD01_VD143,"Estimate; Female: - Wholesale trade: - Drugs, sundries, and chemical and allied products merchant wholesalers"
HD02_VD143,"Margin of Error; Female: - Wholesale trade: - Drugs, sundries, and chemical and allied products merchant wholesalers"
HD01_VD144,"Estimate; Female: - Wholesale trade: - Apparel, piece goods, and notions merchant wholesalers"
HD02_VD144,"Margin of Error; Female: - Wholesale trade: - Apparel, piece goods, and notions merchant wholesalers"
HD01_VD145,Estimate; Female: - Wholesale trade: - Grocery and related product merchant wholesalers
HD02_VD145,Margin of Error; Female: - Wholesale trade: - Grocery and related product merchant wholesalers
HD01_VD146,Estimate; Female: - Wholesale trade: - Farm product raw material merchant wholesalers
HD02_VD146,Margin of Error; Female: - Wholesale trade: - Farm product raw material merchant wholesalers
HD01_VD147,Estimate; Female: - Wholesale trade: - Petroleum and petroleum products merchant wholesalers
HD02_VD147,Margin of Error; Female: - Wholesale trade: - Petroleum and petroleum products merchant wholesalers
HD01_VD148,Estimate; Female: - Wholesale trade: - Alcoholic beverages merchant wholesalers
HD02_VD148,Margin of Error; Female: - Wholesale trade: - Alcoholic beverages merchant wholesalers
HD01_VD149,Estimate; Female: - Wholesale trade: - Farm supplies merchant wholesalers
HD02_VD149,Margin of Error; Female: - Wholesale trade: - Farm supplies merchant wholesalers
HD01_VD150,Estimate; Female: - Wholesale trade: - Miscellaneous nondurable goods merchant wholesalers
HD02_VD150,Margin of Error; Female: - Wholesale trade: - Miscellaneous nondurable goods merchant wholesalers
HD01_VD151,Estimate; Female: - Wholesale trade: - Wholesale electronic markets and agents and brokers
HD02_VD151,Margin of Error; Female: - Wholesale trade: - Wholesale electronic markets and agents and brokers
HD01_VD152,Estimate; Female: - Retail trade:
HD02_VD152,Margin of Error; Female: - Retail trade:
HD01_VD153,Estimate; Female: - Retail trade: - Motor vehicle and parts dealers
HD02_VD153,Margin of Error; Female: - Retail trade: - Motor vehicle and parts dealers
HD01_VD154,"Estimate; Female: - Retail trade: - Furniture and home furnishings, and household appliance stores"
HD02_VD154,"Margin of Error; Female: - Retail trade: - Furniture and home furnishings, and household appliance stores"
HD01_VD155,Estimate; Female: - Retail trade: - Electronics stores
HD02_VD155,Margin of Error; Female: - Retail trade: - Electronics stores
HD01_VD156,Estimate; Female: - Retail trade: - Building material and garden equipment and supplies dealers
HD02_VD156,Margin of Error; Female: - Retail trade: - Building material and garden equipment and supplies dealers
HD01_VD157,Estimate; Female: - Retail trade: - Food and beverage stores
HD02_VD157,Margin of Error; Female: - Retail trade: - Food and beverage stores
HD01_VD158,Estimate; Female: - Retail trade: - Pharmacies and drug stores
HD02_VD158,Margin of Error; Female: - Retail trade: - Pharmacies and drug stores
HD01_VD159,"Estimate; Female: - Retail trade: - Health and personal care, except drug, stores"
HD02_VD159,"Margin of Error; Female: - Retail trade: - Health and personal care, except drug, stores"
HD01_VD160,Estimate; Female: - Retail trade: - Gasoline stations
HD02_VD160,Margin of Error; Female: - Retail trade: - Gasoline stations
HD01_VD161,"Estimate; Female: - Retail trade: - Clothing and accessories, including shoe, stores"
HD02_VD161,"Margin of Error; Female: - Retail trade: - Clothing and accessories, including shoe, stores"
HD01_VD162,"Estimate; Female: - Retail trade: - Jewelry, luggage, and leather goods stores"
HD02_VD162,"Margin of Error; Female: - Retail trade: - Jewelry, luggage, and leather goods stores"
HD01_VD163,"Estimate; Female: - Retail trade: - Sporting goods, and hobby and toy stores"
HD02_VD163,"Margin of Error; Female: - Retail trade: - Sporting goods, and hobby and toy stores"
HD01_VD164,"Estimate; Female: - Retail trade: - Sewing, needlework, and piece goods stores"
HD02_VD164,"Margin of Error; Female: - Retail trade: - Sewing, needlework, and piece goods stores"
HD01_VD165,Estimate; Female: - Retail trade: - Musical instrument and supplies stores
HD02_VD165,Margin of Error; Female: - Retail trade: - Musical instrument and supplies stores
HD01_VD166,Estimate; Female: - Retail trade: - Book stores and news dealers
HD02_VD166,Margin of Error; Female: - Retail trade: - Book stores and news dealers
HD01_VD167,Estimate; Female: - Retail trade: - Department and other general merchandise stores
HD02_VD167,Margin of Error; Female: - Retail trade: - Department and other general merchandise stores
HD01_VD168,Estimate; Female: - Retail trade: - Retail florists
HD02_VD168,Margin of Error; Female: - Retail trade: - Retail florists
HD01_VD169,Estimate; Female: - Retail trade: - Office supplies and stationery stores
HD02_VD169,Margin of Error; Female: - Retail trade: - Office supplies and stationery stores
HD01_VD170,"Estimate; Female: - Retail trade: - Used merchandise, gift, novelty, and souvenir, and other miscellaneous stores"
HD02_VD170,"Margin of Error; Female: - Retail trade: - Used merchandise, gift, novelty, and souvenir, and other miscellaneous stores"
HD01_VD171,Estimate; Female: - Retail trade: - Electronic shopping and mail-order houses
HD02_VD171,Margin of Error; Female: - Retail trade: - Electronic shopping and mail-order houses
HD01_VD172,Estimate; Female: - Retail trade: - Vending machine operators
HD02_VD172,Margin of Error; Female: - Retail trade: - Vending machine operators
HD01_VD173,Estimate; Female: - Retail trade: - Fuel dealers
HD02_VD173,Margin of Error; Female: - Retail trade: - Fuel dealers
HD01_VD174,Estimate; Female: - Retail trade: - Other direct selling establishments
HD02_VD174,Margin of Error; Female: - Retail trade: - Other direct selling establishments
HD01_VD175,"Estimate; Female: - Transportation and warehousing, and utilities:"
HD02_VD175,"Margin of Error; Female: - Transportation and warehousing, and utilities:"
HD01_VD176,"Estimate; Female: - Transportation and warehousing, and utilities: - Transportation and warehousing:"
HD02_VD176,"Margin of Error; Female: - Transportation and warehousing, and utilities: - Transportation and warehousing:"
HD01_VD177,"Estimate; Female: - Transportation and warehousing, and utilities: - Transportation and warehousing: - Air transportation"
HD02_VD177,"Margin of Error; Female: - Transportation and warehousing, and utilities: - Transportation and warehousing: - Air transportation"
HD01_VD178,"Estimate; Female: - Transportation and warehousing, and utilities: - Transportation and warehousing: - Rail transportation"
HD02_VD178,"Margin of Error; Female: - Transportation and warehousing, and utilities: - Transportation and warehousing: - Rail transportation"
HD01_VD179,"Estimate; Female: - Transportation and warehousing, and utilities: - Transportation and warehousing: - Water transportation"
HD02_VD179,"Margin of Error; Female: - Transportation and warehousing, and utilities: - Transportation and warehousing: - Water transportation"
HD01_VD180,"Estimate; Female: - Transportation and warehousing, and utilities: - Transportation and warehousing: - Truck transportation"
HD02_VD180,"Margin of Error; Female: - Transportation and warehousing, and utilities: - Transportation and warehousing: - Truck transportation"
HD01_VD181,"Estimate; Female: - Transportation and warehousing, and utilities: - Transportation and warehousing: - U. S. Postal service"
HD02_VD181,"Margin of Error; Female: - Transportation and warehousing, and utilities: - Transportation and warehousing: - U. S. Postal service"
HD01_VD182,"Estimate; Female: - Transportation and warehousing, and utilities: - Transportation and warehousing: - Other transportation, and support activities, and couriers"
HD02_VD182,"Margin of Error; Female: - Transportation and warehousing, and utilities: - Transportation and warehousing: - Other transportation, and support activities, and couriers"
HD01_VD183,"Estimate; Female: - Transportation and warehousing, and utilities: - Transportation and warehousing: - Warehousing and storage"
HD02_VD183,"Margin of Error; Female: - Transportation and warehousing, and utilities: - Transportation and warehousing: - Warehousing and storage"
HD01_VD184,"Estimate; Female: - Transportation and warehousing, and utilities: - Utilities"
HD02_VD184,"Margin of Error; Female: - Transportation and warehousing, and utilities: - Utilities"
HD01_VD185,Estimate; Female: - Information:
HD02_VD185,Margin of Error; Female: - Information:
HD01_VD186,"Estimate; Female: - Information: - Publishing, and motion picture and sound recording industries"
HD02_VD186,"Margin of Error; Female: - Information: - Publishing, and motion picture and sound recording industries"
HD01_VD187,"Estimate; Female: - Information: - Broadcasting, internet publishing, and telecommunications services"
HD02_VD187,"Margin of Error; Female: - Information: - Broadcasting, internet publishing, and telecommunications services"
HD01_VD188,"Estimate; Female: - Information: - Data processing, libraries, and other information services"
HD02_VD188,"Margin of Error; Female: - Information: - Data processing, libraries, and other information services"
HD01_VD189,"Estimate; Female: - Finance and insurance, and real estate and rental and leasing:"
HD02_VD189,"Margin of Error; Female: - Finance and insurance, and real estate and rental and leasing:"
HD01_VD190,"Estimate; Female: - Finance and insurance, and real estate and rental and leasing: - Finance and insurance"
HD02_VD190,"Margin of Error; Female: - Finance and insurance, and real estate and rental and leasing: - Finance and insurance"
HD01_VD191,"Estimate; Female: - Finance and insurance, and real estate and rental and leasing: - Real estate and rental and leasing"
HD02_VD191,"Margin of Error; Female: - Finance and insurance, and real estate and rental and leasing: - Real estate and rental and leasing"
HD01_VD192,"Estimate; Female: - Professional, scientific, and management, and administrative and waste management services:"
HD02_VD192,"Margin of Error; Female: - Professional, scientific, and management, and administrative and waste management services:"
HD01_VD193,"Estimate; Female: - Professional, scientific, and management, and administrative and waste management services: - Professional, scientific, and technical services"
HD02_VD193,"Margin of Error; Female: - Professional, scientific, and management, and administrative and waste management services: - Professional, scientific, and technical services"
HD01_VD194,"Estimate; Female: - Professional, scientific, and management, and administrative and waste management services: - Management of companies and enterprises"
HD02_VD194,"Margin of Error; Female: - Professional, scientific, and management, and administrative and waste management services: - Management of companies and enterprises"
HD01_VD195,"Estimate; Female: - Professional, scientific, and management, and administrative and waste management services: - Administrative and support and waste management services"
HD02_VD195,"Margin of Error; Female: - Professional, scientific, and management, and administrative and waste management services: - Administrative and support and waste management services"
HD01_VD196,"Estimate; Female: - Educational services, and health care and social assistance:"
HD02_VD196,"Margin of Error; Female: - Educational services, and health care and social assistance:"
HD01_VD197,"Estimate; Female: - Educational services, and health care and social assistance: - Educational services"
HD02_VD197,"Margin of Error; Female: - Educational services, and health care and social assistance: - Educational services"
HD01_VD198,"Estimate; Female: - Educational services, and health care and social assistance: - Health care and social assistance:"
HD02_VD198,"Margin of Error; Female: - Educational services, and health care and social assistance: - Health care and social assistance:"
HD01_VD199,"Estimate; Female: - Educational services, and health care and social assistance: - Health care and social assistance: - Health care"
HD02_VD199,"Margin of Error; Female: - Educational services, and health care and social assistance: - Health care and social assistance: - Health care"
HD01_VD200,"Estimate; Female: - Educational services, and health care and social assistance: - Health care and social assistance: - Social assistance"
HD02_VD200,"Margin of Error; Female: - Educational services, and health care and social assistance: - Health care and social assistance: - Social assistance"
HD01_VD201,"Estimate; Female: - Arts, entertainment, and recreation, and accommodation and food services:"
HD02_VD201,"Margin of Error; Female: - Arts, entertainment, and recreation, and accommodation and food services:"
HD01_VD202,"Estimate; Female: - Arts, entertainment, and recreation, and accommodation and food services: - Arts, entertainment, and recreation"
HD02_VD202,"Margin of Error; Female: - Arts, entertainment, and recreation, and accommodation and food services: - Arts, entertainment, and recreation"
HD01_VD203,"Estimate; Female: - Arts, entertainment, and recreation, and accommodation and food services: - Accommodation and food services"
HD02_VD203,"Margin of Error; Female: - Arts, entertainment, and recreation, and accommodation and food services: - Accommodation and food services"
HD01_VD204,"Estimate; Female: - Other services, except public administration:"
HD02_VD204,"Margin of Error; Female: - Other services, except public administration:"
HD01_VD205,"Estimate; Female: - Other services, except public administration: - Repair and maintenance"
HD02_VD205,"Margin of Error; Female: - Other services, except public administration: - Repair and maintenance"
HD01_VD206,"Estimate; Female: - Other services, except public administration: - Personal and laundry services"
HD02_VD206,"Margin of Error; Female: - Other services, except public administration: - Personal and laundry services"
HD01_VD207,"Estimate; Female: - Other services, except public administration: - Religious, grantmaking, civic, professional, and similar organizations"
HD02_VD207,"Margin of Error; Female: - Other services, except public administration: - Religious, grantmaking, civic, professional, and similar organizations"
HD01_VD208,"Estimate; Female: - Other services, except public administration: - Private households"
HD02_VD208,"Margin of Error; Female: - Other services, except public administration: - Private households"
HD01_VD209,Estimate; Female: - Public administration
HD02_VD209,Margin of Error; Female: - Public administration
