GEO.id,Id
GEO.id2,Id2
GEO.display-label,Geography
HD01_VD01,Estimate; Total:
HD02_VD01,Margin of Error; Total:
HD01_VD02,Estimate; Income in the past 12 months below poverty level:
HD02_VD02,Margin of Error; Income in the past 12 months below poverty level:
HD01_VD03,Estimate; Income in the past 12 months below poverty level: - Married-couple family:
HD02_VD03,Margin of Error; Income in the past 12 months below poverty level: - Married-couple family:
HD01_VD05,Estimate; Income in the past 12 months below poverty level: - Married-couple family: - Less than high school graduate
HD02_VD05,Margin of Error; Income in the past 12 months below poverty level: - Married-couple family: - Less than high school graduate
HD01_VD06,Estimate; Income in the past 12 months below poverty level: - Married-couple family: - High school graduate (includes equivalency)
HD02_VD06,Margin of Error; Income in the past 12 months below poverty level: - Married-couple family: - High school graduate (includes equivalency)
HD01_VD07,"Estimate; Income in the past 12 months below poverty level: - Married-couple family: - Some college, associate's degree"
HD02_VD07,"Margin of Error; Income in the past 12 months below poverty level: - Married-couple family: - Some college, associate's degree"
HD01_VD08,Estimate; Income in the past 12 months below poverty level: - Married-couple family: - Bachelor's degree or higher
HD02_VD08,Margin of Error; Income in the past 12 months below poverty level: - Married-couple family: - Bachelor's degree or higher
HD01_VD09,Estimate; Income in the past 12 months below poverty level: - Other families:
HD02_VD09,Margin of Error; Income in the past 12 months below poverty level: - Other families:
HD01_VD10,"Estimate; Income in the past 12 months below poverty level: - Other families: - Male householder, no wife present:"
HD02_VD10,"Margin of Error; Income in the past 12 months below poverty level: - Other families: - Male householder, no wife present:"
HD01_VD11,"Estimate; Income in the past 12 months below poverty level: - Other families: - Male householder, no wife present: - Less than high school graduate"
HD02_VD11,"Margin of Error; Income in the past 12 months below poverty level: - Other families: - Male householder, no wife present: - Less than high school graduate"
HD01_VD12,"Estimate; Income in the past 12 months below poverty level: - Other families: - Male householder, no wife present: - High school graduate (includes equivalency)"
HD02_VD12,"Margin of Error; Income in the past 12 months below poverty level: - Other families: - Male householder, no wife present: - High school graduate (includes equivalency)"
HD01_VD13,"Estimate; Income in the past 12 months below poverty level: - Other families: - Male householder, no wife present: - Some college, associate's degree"
HD02_VD13,"Margin of Error; Income in the past 12 months below poverty level: - Other families: - Male householder, no wife present: - Some college, associate's degree"
HD01_VD14,"Estimate; Income in the past 12 months below poverty level: - Other families: - Male householder, no wife present: - Bachelor's degree or higher"
HD02_VD14,"Margin of Error; Income in the past 12 months below poverty level: - Other families: - Male householder, no wife present: - Bachelor's degree or higher"
HD01_VD15,"Estimate; Income in the past 12 months below poverty level: - Other families: - Female householder, no husband present:"
HD02_VD15,"Margin of Error; Income in the past 12 months below poverty level: - Other families: - Female householder, no husband present:"
HD01_VD16,"Estimate; Income in the past 12 months below poverty level: - Other families: - Female householder, no husband present: - Less than high school graduate"
HD02_VD16,"Margin of Error; Income in the past 12 months below poverty level: - Other families: - Female householder, no husband present: - Less than high school graduate"
HD01_VD17,"Estimate; Income in the past 12 months below poverty level: - Other families: - Female householder, no husband present: - High school graduate (includes equivalency)"
HD02_VD17,"Margin of Error; Income in the past 12 months below poverty level: - Other families: - Female householder, no husband present: - High school graduate (includes equivalency)"
HD01_VD18,"Estimate; Income in the past 12 months below poverty level: - Other families: - Female householder, no husband present: - Some college, associate's degree"
HD02_VD18,"Margin of Error; Income in the past 12 months below poverty level: - Other families: - Female householder, no husband present: - Some college, associate's degree"
HD01_VD19,"Estimate; Income in the past 12 months below poverty level: - Other families: - Female householder, no husband present: - Bachelor's degree or higher"
HD02_VD19,"Margin of Error; Income in the past 12 months below poverty level: - Other families: - Female householder, no husband present: - Bachelor's degree or higher"
HD01_VD20,Estimate; Income in the past 12 months at or above poverty level:
HD02_VD20,Margin of Error; Income in the past 12 months at or above poverty level:
HD01_VD21,Estimate; Income in the past 12 months at or above poverty level: - Married-couple family:
HD02_VD21,Margin of Error; Income in the past 12 months at or above poverty level: - Married-couple family:
HD01_VD23,Estimate; Income in the past 12 months at or above poverty level: - Married-couple family: - Less than high school graduate
HD02_VD23,Margin of Error; Income in the past 12 months at or above poverty level: - Married-couple family: - Less than high school graduate
HD01_VD24,Estimate; Income in the past 12 months at or above poverty level: - Married-couple family: - High school graduate (includes equivalency)
HD02_VD24,Margin of Error; Income in the past 12 months at or above poverty level: - Married-couple family: - High school graduate (includes equivalency)
HD01_VD25,"Estimate; Income in the past 12 months at or above poverty level: - Married-couple family: - Some college, associate's degree"
HD02_VD25,"Margin of Error; Income in the past 12 months at or above poverty level: - Married-couple family: - Some college, associate's degree"
HD01_VD26,Estimate; Income in the past 12 months at or above poverty level: - Married-couple family: - Bachelor's degree or higher
HD02_VD26,Margin of Error; Income in the past 12 months at or above poverty level: - Married-couple family: - Bachelor's degree or higher
HD01_VD27,Estimate; Income in the past 12 months at or above poverty level: - Other families:
HD02_VD27,Margin of Error; Income in the past 12 months at or above poverty level: - Other families:
HD01_VD28,"Estimate; Income in the past 12 months at or above poverty level: - Other families: - Male householder, no wife present:"
HD02_VD28,"Margin of Error; Income in the past 12 months at or above poverty level: - Other families: - Male householder, no wife present:"
HD01_VD29,"Estimate; Income in the past 12 months at or above poverty level: - Other families: - Male householder, no wife present: - Less than high school graduate"
HD02_VD29,"Margin of Error; Income in the past 12 months at or above poverty level: - Other families: - Male householder, no wife present: - Less than high school graduate"
HD01_VD30,"Estimate; Income in the past 12 months at or above poverty level: - Other families: - Male householder, no wife present: - High school graduate (includes equivalency)"
HD02_VD30,"Margin of Error; Income in the past 12 months at or above poverty level: - Other families: - Male householder, no wife present: - High school graduate (includes equivalency)"
HD01_VD31,"Estimate; Income in the past 12 months at or above poverty level: - Other families: - Male householder, no wife present: - Some college, associate's degree"
HD02_VD31,"Margin of Error; Income in the past 12 months at or above poverty level: - Other families: - Male householder, no wife present: - Some college, associate's degree"
HD01_VD32,"Estimate; Income in the past 12 months at or above poverty level: - Other families: - Male householder, no wife present: - Bachelor's degree or higher"
HD02_VD32,"Margin of Error; Income in the past 12 months at or above poverty level: - Other families: - Male householder, no wife present: - Bachelor's degree or higher"
HD01_VD33,"Estimate; Income in the past 12 months at or above poverty level: - Other families: - Female householder, no husband present:"
HD02_VD33,"Margin of Error; Income in the past 12 months at or above poverty level: - Other families: - Female householder, no husband present:"
HD01_VD34,"Estimate; Income in the past 12 months at or above poverty level: - Other families: - Female householder, no husband present: - Less than high school graduate"
HD02_VD34,"Margin of Error; Income in the past 12 months at or above poverty level: - Other families: - Female householder, no husband present: - Less than high school graduate"
HD01_VD35,"Estimate; Income in the past 12 months at or above poverty level: - Other families: - Female householder, no husband present: - High school graduate (includes equivalency)"
HD02_VD35,"Margin of Error; Income in the past 12 months at or above poverty level: - Other families: - Female householder, no husband present: - High school graduate (includes equivalency)"
HD01_VD36,"Estimate; Income in the past 12 months at or above poverty level: - Other families: - Female householder, no husband present: - Some college, associate's degree"
HD02_VD36,"Margin of Error; Income in the past 12 months at or above poverty level: - Other families: - Female householder, no husband present: - Some college, associate's degree"
HD01_VD37,"Estimate; Income in the past 12 months at or above poverty level: - Other families: - Female householder, no husband present: - Bachelor's degree or higher"
HD02_VD37,"Margin of Error; Income in the past 12 months at or above poverty level: - Other families: - Female householder, no husband present: - Bachelor's degree or higher"
